{
  "timestamp": "2025-08-22T19:37:56.366957",
  "response_count": 1,
  "successful_responses": 1,
  "failed_responses": 0,
  "total_processing_time": 0.9809229373931885,
  "success_rate": 1.0,
  "avg_processing_time": 0.9809229373931885
}