{
  "timestamp": "2025-08-22T19:28:41.561385",
  "total_responses": 1,
  "successful_responses": 1,
  "failed_responses": 0,
  "success_rate": 100.0,
  "total_processing_time": 0.9809229373931885,
  "average_processing_time": 0.9809229373931885
}